{
  "metadata": {
    "name": "[APP] Wikidich",
    "author": "QuocBao",
    "version": 1,
    "source": "https://api.truyenreview.com",
    "regexp": "api.truyenreview.com/book/[^/]+/?$",
    "description": "Đọc truyện trên App Wiki Dịch",
    "language": "javascript",
    "type": "novel",
    "locale": "vi_VN",
    "encrypt": true
  },
  "script": {
    "home": "home.js",
    "detail": "detail.js",
    "search": "search.js",
    "toc": "toc.js",
    "chap": "chap.js"
  },
  "config": {
    "thread_num": 1,
    "delay": 10000
  }
}