{
  "metadata": {
    "name": "STV App Vi",
    "author": "QuocBao",
    "version": 1,
    "source": "https://sangtacviet.com/",
    "regexp": "https?://(sangtacviet.*?|14.225.254.182)/truyen/[^/]+/[^/]+/[^/]+/?$",
    "description": "Đọc truyện trên STV App (Vi) ~",
    "locale": "vi_VN",
    "language": "javascript",
    "type": "novel",
    "encrypt": true
  },
  "script": {
    "home": "home.js",
    "search": "search.js",
    "detail": "detail.js",
    "toc": "toc.js",
    "chap": "chap.js"
  },
  "config": {
    "thread_num": 1,
    "delay": 10000
  }
}