{
  "metadata": {
    "name": "Navy Team Comic",
    "author": "QuocBao",
    "version": 1,
    "source": "https://navyteamn.com/",
    "regexp": "https://navyteamn.com/truyen/[^/]+/?$",
    "description": "Đọc truyện tranh trên Navy Team",
    "locale": "vi_VN",
    "language": "javascript",
    "type": "comic",
    "encrypt": true
  },
  "script": {
    "home": "home.js",
    "genre": "genre.js",
    "detail": "detail.js",
    "search": "search.js",
    "toc": "toc.js",
    "chap": "chap.js"
  }
}