{
    "metadata": {
        "name": "L'orange Team",
        "author": "QuocBao",
        "version": 1,
        "source": "https://lorangeteam.net/",
        "regexp": "https://lorangeteam.net/[^/]+/?$",
        "description": "Đọc truyện tranh BL tại lorangeteam.net",
        "locale": "vi_VN",
        "language": "javascript",
        "type": "comic",
        "encrypt": true
    },
    "script": {
        "home": "home.js",
        "genre": "genre.js",
        "detail": "detail.js",
        "search": "search.js",
        "toc": "toc.js",
        "chap": "chap.js"
    }
}