{
  "metadata": {
    "name": "Dưa Leo truyện",
    "author": "QuocBao",
    "version": 5,
    "source": "https://dualeotruyenjd.com/",
    "regexp": "https://dualeo[^/]+.com/truyen-tranh/[^/]+/?$",
    "description": "Đọc truyện trên trang Dưa Leo truyện",
    "locale": "vi_VN",
    "language": "javascript",
    "type": "comic",
    "tag": "nsfw",
    "encrypt": true
  },
  "script": {
    "home": "home.js",
    "detail": "detail.js",
    "genre": "genre.js",
    "search": "search.js",
    "toc": "toc.js",
    "chap": "chap.js"
  }
}