{
    "metadata": {
        "name": "La cà truyện",
        "author": "QuocBao",
        "version": 4,
        "source": "https://lacatruyen.store",
        "regexp": "lacatruyen.(store|online)/story/[^/]+/?$",
        "description": "Đọc truyện trên La cà truyện",
        "language": "javascript",
        "type": "novel",
        "locale": "vi_VN",
        "encrypt": true
    },
    "script": {
        "home": "home.js",
        "genre": "genre.js",
        "detail": "detail.js",
        "search": "search.js",
        "toc": "toc.js",
        "chap": "chap.js"
    },
    "config": {
        "thread_num": 1,
        "delay": 10000
    }
}