{
    "metadata": {
        "name": "La cà truyện",
        "author": "QuocBao",
        "version": 2,
        "source": "https://lacatruyen.online",
        "regexp": "lacatruyen.online/story/[^/]+/?$",
        "description": "Đọc truyện trên La cà truyện",
        "language": "javascript",
        "type": "novel",
        "locale": "vi_VN",
        "encrypt": true
    },
    "script": {
        "home": "home.js",
        "genre": "genre.js",
        "detail": "detail.js",
        "search": "search.js",
        "toc": "toc.js",
        "chap": "chap.js"
    }
}